{
  "model": "gbc",
  "best_score": 0.8131047512766971,
  "best_params": {
    "clf__subsample": 1.0,
    "clf__n_estimators": 400,
    "clf__min_samples_split": 5,
    "clf__min_samples_leaf": 2,
    "clf__max_depth": 2,
    "clf__learning_rate": 0.12
  },
  "classification_report": {
    "0": {
      "precision": 0.7565543071161048,
      "recall": 0.697754749568221,
      "f1-score": 0.7259658580413297,
      "support": 579.0
    },
    "1": {
      "precision": 0.8419150858175248,
      "recall": 0.8775894538606404,
      "f1-score": 0.8593822037805441,
      "support": 1062.0
    },
    "accuracy": 0.8141377209018891,
    "macro avg": {
      "precision": 0.7992346964668149,
      "recall": 0.7876721017144307,
      "f1-score": 0.7926740309109369,
      "support": 1641.0
    },
    "weighted avg": {
      "precision": 0.8117969317236052,
      "recall": 0.8141377209018891,
      "f1-score": 0.8123084291412966,
      "support": 1641.0
    }
  },
  "estimator_repr": "Pipeline(steps=[('scaler', StandardScaler()),\n                ('clf',\n                 GradientBoostingClassifier(learning_rate=0.12, max_depth=2,\n                                            min_samples_leaf=2,\n                                            min_samples_split=5,\n                                            n_estimators=400,\n                                            random_state=42))])"
}