{
  "model": "gbc",
  "best_score": 0.6357106237019157,
  "best_params": {
    "clf__subsample": 0.9,
    "clf__n_estimators": 175,
    "clf__min_samples_split": 4,
    "clf__min_samples_leaf": 1,
    "clf__max_depth": 4,
    "clf__learning_rate": 0.19
  },
  "classification_report": {
    "0": {
      "precision": 0.734006734006734,
      "recall": 0.7530224525043178,
      "f1-score": 0.7433930093776641,
      "support": 579.0
    },
    "1": {
      "precision": 0.47101449275362317,
      "recall": 0.5078125,
      "f1-score": 0.48872180451127817,
      "support": 384.0
    },
    "2": {
      "precision": 0.6524486571879937,
      "recall": 0.6091445427728613,
      "f1-score": 0.6300533943554538,
      "support": 678.0
    },
    "accuracy": 0.6361974405850092,
    "macro avg": {
      "precision": 0.6191566279827836,
      "recall": 0.6233264984257264,
      "f1-score": 0.6207227360814653,
      "support": 1641.0
    },
    "weighted avg": {
      "precision": 0.6387688322856491,
      "recall": 0.6361974405850092,
      "f1-score": 0.6369713142809238,
      "support": 1641.0
    }
  },
  "estimator_repr": "Pipeline(steps=[('scaler', StandardScaler()),\n                ('clf',\n                 GradientBoostingClassifier(learning_rate=0.19, max_depth=4,\n                                            min_samples_split=4,\n                                            n_estimators=175, random_state=42,\n                                            subsample=0.9))])"
}