{
  "model": "xgboost",
  "best_score": 0.6267670737756426,
  "best_params": {
    "clf__subsample": 0.6,
    "clf__reg_lambda": 0.0774263682681127,
    "clf__n_estimators": 415,
    "clf__max_depth": 6,
    "clf__learning_rate": 0.1,
    "clf__colsample_bytree": 0.6
  },
  "classification_report": {
    "0": {
      "precision": 0.712171052631579,
      "recall": 0.7478411053540587,
      "f1-score": 0.7295703454085931,
      "support": 579.0
    },
    "1": {
      "precision": 0.46766169154228854,
      "recall": 0.4895833333333333,
      "f1-score": 0.47837150127226463,
      "support": 384.0
    },
    "2": {
      "precision": 0.6465927099841522,
      "recall": 0.6017699115044248,
      "f1-score": 0.6233766233766234,
      "support": 678.0
    },
    "accuracy": 0.6270566727605119,
    "macro avg": {
      "precision": 0.6088084847193399,
      "recall": 0.6130647833972723,
      "f1-score": 0.6104394900191604,
      "support": 1641.0
    },
    "weighted avg": {
      "precision": 0.6278604426539781,
      "recall": 0.6270566727605119,
      "f1-score": 0.6269136119009602,
      "support": 1641.0
    }
  }
}