{
  "0": {
    "precision": 0.9380530973451328,
    "recall": 0.9137931034482759,
    "f1-score": 0.925764192139738,
    "support": 116.0
  },
  "1": {
    "precision": 0.9295774647887324,
    "recall": 0.8571428571428571,
    "f1-score": 0.8918918918918919,
    "support": 77.0
  },
  "2": {
    "precision": 0.896551724137931,
    "recall": 0.9558823529411765,
    "f1-score": 0.9252669039145908,
    "support": 136.0
  },
  "accuracy": 0.9179331306990881,
  "macro avg": {
    "precision": 0.9213940954239321,
    "recall": 0.9089394378441032,
    "f1-score": 0.9143076626487403,
    "support": 329.0
  },
  "weighted avg": {
    "precision": 0.9189138558161898,
    "recall": 0.9179331306990881,
    "f1-score": 0.917631066554011,
    "support": 329.0
  }
}